{"cameraMode":{"drawMode":0,"name":"Shaded","section":"Shading Mode"},"sceneLighting":false,"audioPlay":false,"sceneViewState":{"m_AlwaysRefresh":false,"showFog":true,"showSkybox":false,"showFlares":true,"showImageEffects":true,"showParticleSystems":true,"showVisualEffectGraphs":true,"m_FxEnabled":true},"in2DMode":false,"pivot":{"x":1.2224369049072266,"y":4.7767791748046879,"z":2.1499881744384767},"rotation":{"x":0.07585251331329346,"y":-0.3564159870147705,"z":0.029035914689302446,"w":0.9307994842529297},"size":7.867218017578125,"orthographic":false}