{"cameraMode":{"drawMode":0,"name":"Shaded","section":"Shading Mode"},"sceneLighting":false,"audioPlay":false,"sceneViewState":{"m_AlwaysRefresh":false,"showFog":true,"showSkybox":false,"showFlares":true,"showImageEffects":true,"showParticleSystems":true,"showVisualEffectGraphs":true,"m_FxEnabled":true},"in2DMode":false,"pivot":{"x":-0.4454469680786133,"y":1.7028659582138062,"z":2.8364033699035646},"rotation":{"x":0.06350260227918625,"y":0.8950555324554443,"z":-0.1352745145559311,"w":0.42017075419425967},"size":6.866026878356934,"orthographic":true}