{"cameraMode":{"drawMode":0,"name":"Shaded","section":"Shading Mode"},"sceneLighting":false,"audioPlay":false,"sceneViewState":{"m_AlwaysRefresh":false,"showFog":true,"showSkybox":false,"showFlares":true,"showImageEffects":true,"showParticleSystems":true,"showVisualEffectGraphs":true,"m_FxEnabled":true},"in2DMode":false,"pivot":{"x":16.601512908935548,"y":-0.007812947034835816,"z":-4.133972644805908},"rotation":{"x":-0.19961075484752656,"y":-0.5873572826385498,"z":0.15234406292438508,"w":-0.7694381475448608},"size":0.42480573058128359,"orthographic":false}