{"cameraMode":{"drawMode":0,"name":"Shaded","section":"Shading Mode"},"sceneLighting":false,"audioPlay":false,"sceneViewState":{"m_AlwaysRefresh":false,"showFog":false,"showSkybox":false,"showFlares":false,"showImageEffects":false,"showParticleSystems":false,"showVisualEffectGraphs":true,"m_FxEnabled":true},"in2DMode":false,"pivot":{"x":-0.0021723955869674684,"y":0.5325862169265747,"z":-0.0009523257613182068},"rotation":{"x":0.12527601420879365,"y":-0.03660415858030319,"z":-0.0046207113191485409,"w":-0.9914423227310181},"size":0.7012988924980164,"orthographic":false}