{"cameraMode":{"drawMode":0,"name":"Shaded","section":"Shading Mode"},"sceneLighting":false,"audioPlay":false,"sceneViewState":{"m_AlwaysRefresh":false,"showFog":true,"showSkybox":false,"showFlares":true,"showImageEffects":true,"showParticleSystems":true,"showVisualEffectGraphs":true,"m_FxEnabled":true},"in2DMode":false,"pivot":{"x":-1.2616591453552247,"y":2.983180522918701,"z":-1.6212153434753419},"rotation":{"x":0.043239887803792956,"y":-0.9459090828895569,"z":0.14181995391845704,"w":0.2886616885662079},"size":4.166025161743164,"orthographic":false}