{"cameraMode":{"drawMode":0,"name":"Shaded","section":"Shading Mode"},"sceneLighting":false,"audioPlay":false,"sceneViewState":{"m_AlwaysRefresh":false,"showFog":true,"showSkybox":false,"showFlares":true,"showImageEffects":true,"showParticleSystems":true,"showVisualEffectGraphs":true,"m_FxEnabled":true},"in2DMode":false,"pivot":{"x":-1.6362851858139039,"y":1.5195951461791993,"z":27.860260009765626},"rotation":{"x":-0.03766326978802681,"y":-0.9399808049201965,"z":0.32071784138679507,"w":-0.11043433099985123},"size":4.6902008056640629,"orthographic":false}