{"cameraMode":{"drawMode":0,"name":"Shaded","section":"Shading Mode"},"sceneLighting":false,"audioPlay":false,"sceneViewState":{"m_AlwaysRefresh":false,"showFog":true,"showSkybox":false,"showFlares":true,"showImageEffects":true,"showParticleSystems":true,"showVisualEffectGraphs":true,"m_FxEnabled":true},"in2DMode":false,"pivot":{"x":-0.36182087659835818,"y":0.5488262176513672,"z":-0.43296313285827639},"rotation":{"x":-0.05668158829212189,"y":-0.9417293667793274,"z":0.26094552874565127,"w":-0.20455919206142426},"size":4.050541400909424,"orthographic":false}