{"cameraMode":{"drawMode":0,"name":"Shaded","section":"Shading Mode"},"sceneLighting":false,"audioPlay":false,"sceneViewState":{"m_AlwaysRefresh":false,"showFog":true,"showSkybox":false,"showFlares":true,"showImageEffects":true,"showParticleSystems":true,"showVisualEffectGraphs":true,"m_FxEnabled":true},"in2DMode":false,"pivot":{"x":-0.6665782928466797,"y":-0.19705557823181153,"z":0.6487500667572022},"rotation":{"x":0.19880905747413636,"y":-0.5265220999717712,"z":0.128178209066391,"w":0.8166010975837708},"size":1.1335625648498536,"orthographic":false}