{"cameraMode":{"drawMode":0,"name":"Shaded","section":"Shading Mode"},"sceneLighting":false,"audioPlay":false,"sceneViewState":{"m_AlwaysRefresh":false,"showFog":true,"showSkybox":false,"showFlares":true,"showImageEffects":true,"showParticleSystems":true,"showVisualEffectGraphs":true,"m_FxEnabled":true},"in2DMode":false,"pivot":{"x":0.041198134422302249,"y":0.10738636553287506,"z":-0.04460752010345459},"rotation":{"x":0.10778900980949402,"y":-0.35798361897468569,"z":0.04163648933172226,"w":0.9265593886375427},"size":1.1101171970367432,"orthographic":false}